,zillow_id,furniture,texture
0,72202403,chair1,wood
1,72202403,chair2,wood
2,72202403,sofa1,leather
3,72197334,chair1,leather
4,72197334,chair3,wood
5,72197334,chair5,wood
6,72197334,chair6,wood
7,72197334,chair7,leather
8,72197334,sofa2,wood
9,72197334,sofa4,wood
10,72197203,chair3,wood
11,72197203,chair4,leather
12,72197203,chair5,leather
13,72197203,chair6,leather
14,72197203,sofa1,wood
15,72197203,sofa2,wood
16,72197203,sofa3,wood
17,72196657,chair1,wood
18,72196657,chair2,wood
19,72196657,chair4,leather
20,72196657,chair5,leather
21,72196657,chair6,leather
22,72196657,chair7,wood
23,72196657,chair8,wood
24,72196657,chair9,wood
25,72196657,sofa10,leather
26,72196657,sofa2,leather
27,72196657,sofa3,leather
28,72194817,chair1,leather
29,72194817,chair10,leather
30,72194817,chair11,wood
31,72194817,chair13,leather
32,72194817,chair2,leather
33,72194817,chair4,wood
34,72194817,chair5,wood
35,72194817,chair6,wood
36,72194817,chair7,wood
37,72194817,chair8,wood
38,72194817,chair9,wood
39,72194817,sofa12,leather
40,72194817,sofa3,leather
41,72193700,bed2,wood
42,72193700,chair2,wood
43,72193700,chair3,wood
44,72193700,sofa1,leather
45,72192694,chair1,wood
46,72192694,chair2,wood
47,72192407,chair1,wood
48,72192407,chair10,leather
49,72192407,chair2,leather
50,72192407,chair3,stone
51,72192407,chair5,leather
52,72192407,chair7,wood
53,72192407,chair8,wood
54,72192407,chair9,wood
55,72192407,sofa4,leather
56,72192407,sofa6,leather
57,72191785,chair1,wood
58,72191785,chair2,wood
59,72191785,chair3,leather
60,72191785,chair4,leather
61,72191785,sofa1,wood
62,72191785,sofa3,wood
63,72191132,bed1,leather
64,72191132,chair1,stone
65,72191132,sofa2,wood
66,72190566,chair2,leather
67,72190566,chair3,leather
68,72190566,chair4,wood
69,72190566,chair5,wood
70,72190566,chair6,wood
71,72190566,chair7,leather
72,72190566,chair8,leather
73,72190566,sofa1,wood
74,72190566,sofa3,leather
75,72190192,chair1,wood
76,72190192,chair2,wood
77,72190192,chair4,wood
78,72190192,chair6,leather
79,72190192,sofa1,wood
80,72190192,sofa3,wood
81,72190192,sofa5,leather
82,72190077,bed1,stone
83,72190077,chair1,wood
84,72190077,chair2,wood
85,72190077,chair3,leather
86,72190077,chair5,wood
87,72190077,chair6,wood
88,72190077,sofa4,stone
89,72190021,chair1,wood
90,72190021,chair2,leather
91,72190021,chair3,wood
92,72190021,sofa2,wood
93,72189629,chair1,leather
94,72189136,chair1,wood
95,72189136,chair2,wood
96,72189136,chair3,wood
97,72188672,chair1,wood
98,72188672,chair2,leather
99,72188672,chair3,wood
100,72188672,chair4,wood
101,72188672,chair5,stone
102,72188672,chair6,wood
103,72188672,sofa1,stone
104,72188672,sofa2,wood
105,72188672,sofa3,stone
106,72188672,sofa4,leather
107,72188672,sofa5,stone
108,72188590,chair1,leather
109,72188590,chair2,leather
110,72188590,chair3,leather
111,72188590,chair4,wood
112,72188590,chair5,wood
113,72188590,chair6,leather
114,72188590,chair7,leather
115,72188590,chair8,wood
116,72188590,chair9,wood
117,72188590,sofa1,wood
118,72188590,sofa2,leather
119,72188590,sofa3,wood
120,72188590,sofa4,leather
121,72188590,sofa8,wood
122,72188570,bed2,wood
123,72188570,chair1,stone
124,72188570,chair2,leather
125,72188570,chair3,leather
126,72188570,sofa2,wood
127,72188454,chair1,leather
128,72188454,chair2,leather
129,72188454,chair3,wood
130,72188454,chair4,leather
131,72188454,chair5,stone
132,72188454,chair6,leather
133,72188454,chair7,leather
134,72188454,chair8,wood
135,72188454,sofa2,leather
136,72188454,sofa3,wood
137,72188199,chair1,stone
138,72188199,chair2,leather
139,72188199,chair3,leather
140,72188199,chair4,wood
141,72188199,sofa1,leather
142,72188134,bed1,wood
143,72188134,chair1,leather
144,72188134,chair2,wood
145,72188134,chair3,wood
146,72188134,chair4,stone
147,72188134,chair5,leather
148,72188134,chair6,leather
149,72188134,sofa1,stone
150,72188079,bed1,wood
151,72188079,chair1,leather
152,72188079,chair2,wood
153,72188079,chair3,stone
154,72188079,chair4,wood
155,72188079,chair5,wood
156,72188079,sofa1,wood
157,72188079,sofa3,wood
158,72187979,chair1,wood
159,72187979,chair2,leather
160,72187979,chair3,wood
161,72187979,chair4,wood
162,72187979,chair5,leather
163,72187979,chair6,leather
164,72187979,chair7,wood
165,72187979,sofa1,wood
166,72187927,chair1,wood
167,72187927,chair2,wood
168,72187927,sofa1,wood
169,72187835,bed1,wood
170,72187835,chair1,leather
171,72187835,chair2,wood
172,72187835,chair3,leather
173,72187835,chair5,wood
174,72187835,chair7,wood
175,72187835,sofa2,wood
176,72187835,sofa4,wood
177,72187835,sofa6,wood
178,72187435,chair1,wood
179,72187435,chair2,wood
180,72187435,chair3,wood
181,72187435,chair4,wood
182,72187435,chair5,wood
183,72187435,sofa1,wood
184,72187435,sofa2,wood
185,72187435,sofa3,stone
186,72187393,chair2,leather
187,72187393,sofa1,leather
188,72187335,chair1,leather
189,72187335,chair2,leather
190,72187335,chair3,leather
191,72187335,chair4,stone
192,72187335,sofa1,wood
193,72187282,bed1,wood
194,72187282,chair1,wood
195,72187282,chair3,wood
196,72187282,chair4,wood
197,72187282,sofa2,leather
198,72187282,sofa3,wood
199,72187112,chair1,leather
200,72187112,chair2,leather
201,72187112,chair3,leather
202,72187112,chair4,wood
203,72187112,chair5,leather
204,72187112,chair6,leather
205,72187112,chair7,wood
206,72187112,chair8,stone
207,72186964,chair3,leather
208,72186964,chair4,leather
209,72186964,chair5,leather
210,72186964,chair6,leather
211,72186964,chair7,leather
212,72186964,chair8,wood
213,72186964,sofa1,leather
214,72186964,sofa2,wood
215,72186767,bed1,wood
216,72186767,chair1,wood
217,72186767,chair2,stone
218,72186483,sofa1,leather
219,72184849,bed1,leather
220,72184849,chair2,leather
221,72184849,sofa1,wood
222,72184332,chair1,leather
223,72184332,chair10,wood
224,72184332,chair2,leather
225,72184332,chair3,leather
226,72184332,chair4,wood
227,72184332,chair5,leather
228,72184332,chair6,wood
229,72184332,chair7,wood
230,72184332,chair8,wood
231,72184332,chair9,wood
232,72184332,sofa2,leather
233,72184332,sofa4,wood
234,72184200,chair1,wood
235,72184200,chair2,wood
236,72184200,chair3,leather
237,72184200,chair4,wood
238,72184200,chair5,wood
239,72184200,chair6,wood
240,72184200,chair7,wood
241,72184200,sofa1,leather
242,72184200,sofa3,wood
243,72184168,chair1,wood
244,72184168,chair4,wood
245,72184168,sofa2,wood
246,72184168,sofa3,wood
247,72184168,sofa5,wood
248,72184117,bed1,wood
249,72184117,chair1,leather
250,72184117,chair2,wood
251,72184117,chair3,leather
252,72184117,chair4,leather
253,72184117,chair5,wood
254,72184117,chair6,stone
255,72184117,chair7,leather
256,72184117,chair8,leather
257,72184117,sofa9,wood
258,72184076,sofa1,wood
259,72184070,bed1,leather
260,72184070,chair1,wood
261,72184070,chair2,wood
262,72184016,bed5,wood
263,72184016,chair1,leather
264,72184016,chair2,leather
265,72184016,chair3,wood
266,72184016,chair4,wood
267,72184016,chair6,wood
268,72184016,chair7,leather
269,72183960,chair1,leather
270,72183960,chair2,leather
271,72183960,chair3,wood
272,72183960,chair4,leather
273,72183960,chair5,wood
274,72183960,chair6,leather
275,72183960,sofa1,wood
276,72183960,sofa2,leather
277,72183960,sofa3,leather
278,72183917,chair2,wood
279,72183917,chair3,wood
280,72183917,chair4,wood
281,72183917,sofa1,wood
282,72183832,bed1,wood
283,72183832,chair1,wood
284,72183832,chair2,leather
285,72183832,chair3,leather
286,72183832,chair4,wood
287,72183832,sofa1,wood
288,72183832,sofa2,wood
289,72183832,sofa3,stone
290,72183832,sofa5,leather
291,72183807,chair1,leather
292,72183807,chair3,wood
293,72183807,chair4,leather
294,72183807,chair5,leather
295,72183807,chair6,leather
296,72183807,sofa2,leather
297,72183495,chair1,leather
298,72183495,sofa1,leather
299,72183495,sofa2,stone
300,72183329,chair2,stone
301,72183329,sofa1,wood
302,72183285,chair2,wood
303,72183285,chair4,leather
304,72183285,chair5,wood
305,72183285,chair6,stone
306,72183285,chair7,leather
307,72183285,sofa1,wood
308,72183285,sofa3,leather
309,72183253,chair2,leather
310,72183253,chair3,wood
311,72183253,chair4,leather
312,72183253,chair5,leather
313,72183253,chair6,leather
314,72183253,chair7,leather
315,72183253,chair8,leather
316,72183253,sofa1,leather
317,72183253,sofa2,leather
318,72183253,sofa3,leather
319,72183253,sofa4,leather
320,72183210,chair1,stone
321,72183210,chair2,stone
322,72183210,chair3,stone
323,72183210,chair4,leather
324,72183210,chair5,wood
325,72183210,chair6,wood
326,72183210,chair7,wood
327,72183118,bed1,leather
328,72183118,chair1,wood
329,72183118,chair2,wood
330,72182943,bed1,wood
331,72182943,bed2,wood
332,72182943,bed3,leather
333,72182943,bed6,leather
334,72182943,chair1,leather
335,72182943,chair10,leather
336,72182943,chair11,leather
337,72182943,chair2,leather
338,72182943,chair4,wood
339,72182943,chair5,wood
340,72182943,chair6,wood
341,72182943,chair7,leather
342,72182943,chair8,wood
343,72182943,sofa2,wood
344,72182943,sofa3,wood
345,72182943,sofa9,leather
346,72182942,chair2,wood
347,72182942,chair3,leather
348,72182942,sofa1,wood
349,72182942,sofa4,leather
350,72182942,sofa5,wood
351,72182914,chair1,leather
352,72182914,chair2,leather
353,72182914,chair3,wood
354,72182914,chair4,leather
355,72182914,chair5,leather
356,72182914,chair6,leather
357,72182914,sofa1,wood
358,72182846,bed1,leather
359,72182846,chair1,leather
360,72182846,chair2,leather
361,72182846,chair3,leather
362,72182846,sofa1,leather
363,72182846,sofa2,wood
364,72182815,chair1,leather
365,72182815,chair2,wood
366,72182815,chair3,wood
367,72182815,chair4,wood
368,72182815,chair5,leather
369,72182815,chair6,wood
370,72182815,chair7,wood
371,72182815,chair8,wood
372,72182815,sofa1,wood
373,72182815,sofa5,wood
374,72182743,chair2,wood
375,72182743,sofa1,wood
376,72182743,sofa3,wood
377,72182723,chair1,leather
378,72182723,chair2,leather
379,72182723,chair3,leather
380,72182723,chair4,wood
381,72182723,chair5,leather
382,72182723,chair6,leather
383,72182723,chair7,wood
384,72182723,chair8,wood
385,72182723,sofa3,leather
386,72182723,sofa4,leather
387,72182674,chair1,wood
388,72182671,bed1,wood
389,72182671,chair1,wood
390,72182671,chair2,wood
391,72182671,chair3,leather
392,72182671,sofa1,wood
393,72182671,sofa2,wood
394,72182549,chair1,leather
395,72182549,chair10,leather
396,72182549,chair11,wood
397,72182549,chair2,wood
398,72182549,chair3,wood
399,72182549,chair4,wood
400,72182549,chair5,wood
401,72182549,chair6,leather
402,72182549,chair7,wood
403,72182549,chair8,leather
404,72182549,chair9,wood
405,72182549,sofa1,wood
406,72182549,sofa2,wood
407,72182549,sofa6,wood
408,72182423,chair1,wood
409,72182423,chair10,wood
410,72182423,chair2,leather
411,72182423,chair4,wood
412,72182423,chair5,leather
413,72182423,chair6,leather
414,72182423,chair7,leather
415,72182423,chair8,wood
416,72182423,chair9,wood
417,72182423,sofa3,leather
418,72182371,chair3,wood
419,72182371,sofa1,wood
420,72182371,sofa2,wood
421,72182371,sofa4,wood
422,72182306,chair1,wood
423,72182306,chair2,wood
424,72182306,chair3,wood
425,72182306,chair4,wood
426,72182306,chair5,wood
427,72182306,sofa1,leather
428,72182306,sofa2,leather
429,72182306,sofa3,wood
430,72182297,chair2,wood
431,72182297,sofa1,leather
432,72182297,sofa3,wood
433,72182284,chair1,wood
434,72182284,chair2,wood
435,72182221,chair1,wood
436,72182219,chair1,wood
437,72182219,chair2,wood
438,72182219,chair3,wood
439,72182219,chair4,wood
440,72182219,chair5,wood
441,72182219,chair6,wood
442,72182219,sofa3,wood
443,72182219,sofa4,leather
444,72182219,sofa5,leather
445,72182144,chair1,wood
446,72182144,chair2,leather
447,72182020,chair1,leather
448,72182020,chair2,leather
449,72182020,chair3,leather
450,72182020,sofa1,leather
451,72182020,sofa2,wood
452,72182020,sofa3,leather
453,72181981,bed1,wood
454,72181981,bed2,wood
455,72181981,bed3,leather
456,72181981,chair1,leather
457,72181981,chair2,leather
458,72181981,chair3,leather
459,72181981,chair5,leather
460,72181981,chair6,wood
461,72181981,chair7,wood
462,72181981,chair8,wood
463,72181981,sofa4,wood
464,72181962,chair1,leather
465,72181962,chair2,wood
466,72181962,chair3,leather
467,72181962,chair4,wood
468,72181962,chair5,wood
469,72181962,chair6,leather
470,72181962,chair7,leather
471,72181962,chair8,leather
472,72181817,chair1,wood
473,72181817,chair2,leather
474,72181817,chair3,wood
475,72181817,chair4,leather
476,72181623,chair1,leather
477,72181623,chair10,leather
478,72181623,chair2,leather
479,72181623,chair3,leather
480,72181623,chair4,leather
481,72181623,chair5,leather
482,72181623,chair6,stone
483,72181623,chair7,leather
484,72181623,chair8,leather
485,72181623,chair9,wood
486,72181609,bed1,wood
487,72181609,chair1,leather
488,72181609,chair2,wood
489,72181585,chair2,wood
490,72181585,sofa1,stone
491,72181585,sofa2,leather
492,72181585,sofa3,leather
493,72181585,sofa4,leather
494,72181578,bed1,stone
495,72181578,chair1,wood
496,72181578,chair2,leather
497,72181578,chair3,wood
498,72181578,chair4,leather
499,72181578,chair5,leather
500,72181578,chair6,wood
501,72181578,chair7,wood
502,72181578,chair8,leather
503,72181578,sofa2,wood
504,72181578,sofa3,wood
505,72181563,bed3,leather
506,72181563,chair1,wood
507,72181563,chair2,wood
508,72181563,chair3,leather
509,72181563,chair4,wood
510,72181563,sofa1,leather
511,72181563,sofa2,leather
512,72181544,chair1,leather
513,72181544,chair2,leather
514,72181544,chair3,leather
515,72181523,sofa1,wood
516,72181523,sofa2,wood
517,72181499,bed1,wood
518,72181499,bed2,leather
519,72181499,chair1,wood
520,72181499,chair2,wood
521,72181499,chair3,wood
522,72181499,chair4,wood
523,72181499,chair5,leather
524,72181499,chair6,wood
525,72181454,chair1,stone
526,72181441,chair1,wood
527,72181441,chair2,wood
528,72181441,chair3,stone
529,72181368,chair1,wood
530,72180665,bed1,wood
531,72180665,chair2,wood
532,72180665,chair3,wood
533,72180665,chair4,wood
534,72180665,chair5,wood
535,72180665,chair6,wood
536,72180665,chair7,wood
537,72180665,sofa1,wood
538,72180623,chair1,wood
539,72180623,chair2,wood
540,72180413,chair1,wood
541,72180413,chair2,leather
542,72180413,chair3,leather
543,72180413,chair4,leather
544,72180375,bed2,wood
545,72180375,sofa1,wood
546,72180337,chair10,wood
547,72180337,chair2,wood
548,72180337,chair4,wood
549,72180337,chair5,wood
550,72180337,chair6,wood
551,72180337,chair7,wood
552,72180337,chair8,wood
553,72180337,chair9,wood
554,72180337,sofa1,wood
555,72180337,sofa3,wood
556,72180319,chair1,leather
557,72180319,chair2,leather
558,72180319,chair3,leather
559,72180319,chair4,leather
560,72180319,sofa2,leather
561,72180319,sofa3,leather
562,72180319,sofa4,leather
563,72180116,bed1,wood
564,72180116,chair1,leather
565,72180116,chair2,stone
566,72180116,chair3,wood
567,72180116,chair4,wood
568,72180116,chair5,wood
569,72180116,chair6,wood
570,72179996,bed1,wood
571,72179996,chair1,leather
572,72179996,chair2,leather
573,72179996,chair3,leather
574,72179996,chair4,wood
575,72179996,chair5,stone
576,72179996,sofa1,wood
577,72179996,sofa3,wood
578,72179954,bed1,stone
579,72179954,chair1,wood
580,72179954,chair2,wood
581,72179954,chair3,wood
582,72179954,chair4,wood
583,72179954,chair5,leather
584,72179954,sofa1,leather
585,72179954,sofa3,wood
586,72179670,bed2,wood
587,72179670,chair1,wood
588,72179670,chair3,wood
589,72179670,sofa1,leather
590,72179670,sofa2,wood
591,72179661,bed1,wood
592,72179637,bed1,leather
593,72179630,bed1,wood
594,72179622,bed10,wood
595,72179622,bed2,wood
596,72179622,chair1,wood
597,72179622,chair10,wood
598,72179622,chair11,wood
599,72179622,chair2,leather
600,72179622,chair3,stone
601,72179622,chair4,wood
602,72179622,chair5,wood
603,72179622,chair6,wood
604,72179622,chair7,stone
605,72179622,chair8,wood
606,72179622,chair9,wood
607,72179622,sofa2,leather
608,72179622,sofa4,wood
609,72179622,sofa7,leather
610,72179601,chair1,leather
611,72179601,chair2,leather
612,72179601,chair3,wood
613,72179601,chair4,leather
614,72179601,sofa1,wood
615,72179584,bed8,wood
616,72179584,chair1,leather
617,72179584,chair2,wood
618,72179584,chair3,wood
619,72179584,chair4,leather
620,72179584,chair5,wood
621,72179584,chair6,wood
622,72179584,chair7,wood
623,72179584,sofa1,leather
624,72179584,sofa2,stone
625,72179584,sofa3,wood
626,72179584,sofa4,wood
627,72179457,chair5,stone
628,72179457,chair6,wood
629,72179457,chair7,leather
630,72179457,sofa1,leather
631,72179457,sofa2,leather
632,72179457,sofa3,stone
633,72179457,sofa4,leather
634,72179442,chair1,stone
635,72179442,chair2,leather
636,72179442,chair3,leather
637,72179442,chair4,wood
638,72179442,chair5,leather
639,72179442,chair6,wood
640,72179442,chair7,wood
641,72179442,sofa1,leather
642,72179442,sofa3,wood
643,72179442,sofa4,leather
644,72179438,chair1,wood
645,72179438,chair2,wood
646,72179438,chair3,wood
647,72179438,chair4,wood
648,72179438,chair5,wood
649,72179438,chair6,leather
650,72179438,chair7,wood
651,72179438,chair8,wood
652,72179420,chair1,leather
653,72179420,chair10,leather
654,72179420,chair2,wood
655,72179420,chair3,wood
656,72179420,chair4,wood
657,72179420,chair5,leather
658,72179420,chair6,wood
659,72179420,chair8,wood
660,72179420,sofa7,wood
661,72179420,sofa9,wood
662,72179412,chair1,leather
663,72179412,chair2,wood
664,72179412,chair3,wood
665,72179412,chair4,wood
666,72179412,chair5,wood
667,72179412,chair6,leather
668,72179412,chair7,wood
669,72179412,chair8,wood
670,72179372,sofa1,wood
671,72179372,sofa2,wood
672,72179238,chair1,wood
673,72179220,chair1,leather
674,72179220,chair2,leather
675,72179220,chair3,wood
676,72179220,chair4,leather
677,72179220,chair5,wood
678,72179220,chair6,wood
679,72179218,chair1,wood
680,72179218,chair10,wood
681,72179218,chair13,wood
682,72179218,chair14,wood
683,72179218,chair2,wood
684,72179218,chair3,leather
685,72179218,chair4,wood
686,72179218,chair5,wood
687,72179218,chair7,wood
688,72179218,chair8,leather
689,72179218,chair9,wood
690,72179218,sofa11,wood
691,72179218,sofa12,wood
692,72179218,sofa2,wood
693,72179218,sofa3,wood
694,72179218,sofa6,wood
695,72179182,chair1,stone
696,72179182,chair2,leather
697,72179174,bed1,leather
698,72179174,chair1,leather
699,72179174,chair2,wood
700,72179174,chair3,wood
701,72179174,chair4,leather
702,72179174,chair5,wood
703,72179174,chair6,wood
704,72179174,sofa2,wood
705,72179174,sofa3,wood
706,72179165,chair1,leather
707,72179165,chair2,leather
708,72179165,chair3,leather
709,72179165,sofa1,wood
710,72179064,sofa1,wood
711,72178895,sofa1,wood
712,72178862,chair1,wood
713,72178862,chair10,wood
714,72178862,chair2,wood
715,72178862,chair4,wood
716,72178862,chair5,wood
717,72178862,chair6,wood
718,72178862,chair7,wood
719,72178862,chair8,wood
720,72178862,chair9,wood
721,72178862,sofa1,wood
722,72178862,sofa2,wood
723,72178862,sofa3,wood
724,72178818,chair3,wood
725,72178818,chair4,stone
726,72178818,chair5,wood
727,72178818,chair6,leather
728,72178818,chair8,leather
729,72178818,chair9,wood
730,72178818,sofa1,wood
731,72178818,sofa10,leather
732,72178818,sofa2,leather
733,72178818,sofa7,wood
734,72178777,chair1,wood
735,72178777,chair2,wood
736,72178777,chair3,wood
737,72178777,chair4,wood
738,72178732,chair1,wood
739,72178709,chair1,leather
740,72178709,chair2,wood
741,72178709,sofa1,leather
742,72178636,chair1,wood
743,72178636,chair2,wood
744,72178636,chair3,wood
745,72178627,chair1,leather
746,72178627,chair2,leather
747,72178627,chair3,wood
748,72178627,chair4,wood
749,72178627,chair5,wood
750,72178627,sofa1,wood
751,72178522,chair3,leather
752,72178522,chair4,stone
753,72178522,sofa1,wood
754,72178522,sofa2,stone
755,72178520,chair2,wood
756,72178520,chair3,wood
757,72178520,chair4,wood
758,72178520,chair5,wood
759,72178520,chair6,wood
760,72178520,chair7,wood
761,72178520,chair8,wood
762,72178520,sofa1,wood
763,72178520,sofa2,wood
764,72178520,sofa4,wood
765,72178422,chair1,wood
766,72178422,chair2,wood
767,72178422,chair3,wood
768,72178404,chair1,leather
769,72178404,chair2,leather
770,72178404,chair3,leather
771,72178404,chair4,wood
772,72178404,chair5,leather
773,72178404,chair6,wood
774,72178404,chair7,wood
775,72178367,bed1,leather
776,72178367,sofa1,leather
777,72178367,sofa2,wood
778,72178367,sofa3,wood
779,72178367,sofa4,wood
780,72178332,chair1,leather
781,72178332,chair2,leather
782,72178332,chair3,leather
783,72178332,chair4,wood
784,72178332,sofa1,leather
785,72178328,chair1,wood
786,72178328,chair2,wood
787,72178328,chair3,wood
788,72178328,chair4,wood
789,72178328,chair5,leather
790,72178328,chair6,wood
791,72178287,chair1,wood
792,72178287,chair10,wood
793,72178287,chair2,leather
794,72178287,chair3,wood
795,72178287,chair4,leather
796,72178287,chair5,leather
797,72178287,chair6,leather
798,72178287,chair7,wood
799,72178287,chair8,leather
800,72178287,chair9,leather
801,72178266,chair1,wood
802,72178266,chair2,wood
803,72178266,chair3,wood
804,72178266,chair5,wood
805,72178266,chair6,wood
806,72178266,chair7,leather
807,72178266,sofa1,wood
808,72178266,sofa2,wood
809,72178266,sofa4,wood
810,72178249,chair1,leather
811,72178249,chair10,leather
812,72178249,chair2,wood
813,72178249,chair3,leather
814,72178249,chair4,leather
815,72178249,chair5,leather
816,72178249,chair6,leather
817,72178249,chair7,leather
818,72178249,chair8,leather
819,72178249,chair9,leather
820,72178243,chair1,wood
821,72178157,chair1,leather
822,72178157,chair2,wood
823,72178157,chair3,wood
824,72178157,chair4,wood
825,72178157,chair5,wood
826,72178157,sofa1,leather
827,72178157,sofa2,wood
828,72178117,bed1,stone
829,72178117,chair1,wood
830,72178117,sofa2,wood
831,72178117,sofa3,wood
832,72178069,chair1,wood
833,72178069,chair2,wood
834,72178069,chair3,leather
835,72177965,chair1,wood
836,72177965,chair2,leather
837,72177965,sofa1,leather
838,72177965,sofa3,leather
839,72177940,chair1,leather
840,72177940,chair10,leather
841,72177940,chair11,wood
842,72177940,chair12,wood
843,72177940,chair2,leather
844,72177940,chair3,leather
845,72177940,chair4,leather
846,72177940,chair5,leather
847,72177940,chair6,leather
848,72177940,chair7,leather
849,72177940,chair8,wood
850,72177940,chair9,leather
851,72177899,bed9,wood
852,72177899,chair1,wood
853,72177899,chair10,leather
854,72177899,chair2,wood
855,72177899,chair3,wood
856,72177899,chair4,leather
857,72177899,chair5,wood
858,72177899,chair6,wood
859,72177899,chair7,wood
860,72177899,chair8,wood
861,72177899,sofa1,wood
862,72177899,sofa2,wood
863,72177899,sofa5,leather
864,72177899,sofa9,leather
865,72177860,chair1,wood
866,72177860,chair2,wood
867,72177860,chair3,wood
868,72177860,chair4,leather
869,72177860,chair5,wood
870,72177860,chair6,leather
871,72177860,chair7,wood
872,72177801,chair1,leather
873,72177801,chair10,leather
874,72177801,chair12,leather
875,72177801,chair2,leather
876,72177801,chair3,leather
877,72177801,chair4,wood
878,72177801,chair5,leather
879,72177801,chair6,wood
880,72177801,chair7,leather
881,72177801,chair8,leather
882,72177801,chair9,leather
883,72177801,sofa1,wood
884,72177801,sofa11,wood
885,72177541,chair1,leather
886,72177541,chair2,wood
887,72177541,chair3,leather
888,72177541,chair4,leather
889,72177541,chair5,wood
890,72177541,chair6,leather
891,72177541,sofa1,leather
892,72177540,chair1,leather
893,72177540,chair2,leather
894,72177540,chair3,wood
895,72177540,chair4,leather
896,72177540,chair5,wood
897,72177540,chair6,wood
898,72177526,chair2,wood
899,72177526,chair3,leather
900,72177526,chair4,leather
901,72177526,chair5,leather
902,72177526,sofa1,wood
903,72177526,sofa2,stone
904,72177463,sofa1,leather
905,72177460,chair2,leather
906,72177460,sofa1,wood
907,72177448,chair1,leather
908,72177448,chair2,leather
909,72177448,chair3,wood
910,72177448,chair4,wood
911,72177448,chair5,wood
912,72177448,chair6,leather
913,72177448,chair8,leather
914,72177448,sofa1,stone
915,72177448,sofa4,stone
916,72177448,sofa7,leather
917,72177387,chair1,wood
918,72177387,chair2,wood
919,72177387,chair3,leather
920,72177387,chair4,stone
921,72177358,bed1,wood
922,72177211,chair1,stone
923,72177211,chair2,wood
924,72177211,chair3,wood
925,72177173,bed2,wood
926,72177173,chair2,wood
927,72177173,chair3,leather
928,72177173,chair4,wood
929,72177173,chair5,wood
930,72177173,chair6,wood
931,72177173,chair7,wood
932,72177173,chair8,wood
933,72177173,sofa1,wood
934,72177173,sofa2,wood
935,72177173,sofa3,wood
936,72177173,sofa6,wood
937,72177122,bed1,wood
938,72177122,bed2,wood
939,72176984,chair1,leather
940,72176984,chair2,wood
941,72176984,chair3,wood
942,72176984,chair4,wood
943,72176984,chair5,wood
944,72176984,chair6,wood
945,72176913,chair1,leather
946,72176913,chair2,wood
947,72176913,chair3,wood
948,72176913,chair4,leather
949,72176913,chair5,wood
950,72176913,sofa1,wood
951,72176913,sofa4,wood
952,72176913,sofa5,wood
953,72176821,bed1,leather
954,72176821,chair1,leather
955,72176821,chair2,leather
956,72176821,chair3,wood
957,72176821,sofa1,wood
958,72176821,sofa2,wood
959,72176743,chair1,wood
960,72176743,chair2,wood
961,72176743,chair3,wood
962,72176743,chair4,wood
963,72176710,chair1,wood
964,72176710,chair2,wood
965,72176663,sofa1,wood
966,72176663,sofa2,wood
967,72176514,chair10,wood
968,72176514,chair12,wood
969,72176514,chair2,wood
970,72176514,chair3,leather
971,72176514,chair4,wood
972,72176514,chair5,wood
973,72176514,chair6,wood
974,72176514,chair7,leather
975,72176514,chair8,leather
976,72176514,chair9,leather
977,72176514,sofa1,wood
978,72176514,sofa11,wood
979,72176514,sofa2,leather
980,72176372,bed1,stone
981,72176372,bed3,leather
982,72176372,chair1,leather
983,72176372,chair2,wood
984,72176372,chair3,wood
985,72176372,chair4,leather
986,72176372,chair5,wood
987,72176372,sofa1,wood
988,72176372,sofa2,leather
989,72176281,chair2,wood
990,72176281,chair4,leather
991,72176281,sofa1,wood
992,72176281,sofa3,wood
993,72176137,bed1,wood
994,72176137,chair3,wood
995,72176137,sofa1,wood
996,72176137,sofa2,wood
997,72175951,chair1,leather
998,72175951,chair2,leather
999,72175951,chair3,leather
1000,72175951,chair4,wood
1001,72175951,chair5,leather
1002,72175951,chair6,wood
1003,72175951,sofa1,wood
1004,72175925,chair1,stone
1005,72175925,chair2,stone
1006,72175925,chair3,wood
1007,72175925,chair4,stone
1008,72175925,chair5,leather
1009,72175925,sofa1,leather
1010,72175843,chair2,leather
1011,72175843,sofa1,wood
1012,72175798,chair1,wood
1013,72175798,chair2,wood
1014,72175798,chair3,wood
1015,72175798,chair4,wood
1016,72175798,chair5,wood
1017,72175798,chair6,wood
1018,72175798,chair7,wood
1019,72175798,sofa1,wood
1020,72175798,sofa2,wood
1021,72175798,sofa3,wood
1022,72175698,chair1,wood
1023,72175698,chair2,wood
1024,72175698,sofa1,wood
1025,72175583,bed1,wood
1026,72175557,bed1,wood
1027,72175557,chair1,wood
1028,72175557,chair2,leather
1029,72175557,chair3,wood
1030,72175557,sofa2,stone
1031,72175557,sofa4,leather
1032,72175539,chair1,leather
1033,72175539,chair2,wood
1034,72175539,chair3,wood
1035,72175539,chair4,leather
1036,72175539,chair5,leather
1037,72175539,chair6,leather
1038,72175539,chair7,wood
1039,72175539,chair8,leather
1040,72175539,sofa1,wood
1041,72175539,sofa2,leather
1042,72175539,sofa3,wood
1043,72175530,chair1,wood
1044,72175517,chair1,leather
1045,72175517,chair2,leather
1046,72175517,chair3,leather
1047,72175517,chair4,leather
1048,72175517,chair5,wood
1049,72175517,chair6,leather
1050,72175517,chair7,leather
1051,72175517,chair8,leather
1052,72175517,chair9,leather
1053,72175517,sofa1,leather
1054,72175463,chair1,wood
1055,72175463,chair2,wood
1056,72175463,chair3,wood
1057,72175463,chair4,wood
1058,72175454,bed1,stone
1059,72175454,bed2,wood
1060,72175454,chair1,leather
1061,72175454,chair2,stone
1062,72175440,bed1,stone
1063,72175440,chair2,leather
1064,72175440,chair3,wood
1065,72175440,chair4,wood
1066,72175440,sofa1,wood
1067,72175440,sofa2,wood
1068,72175365,chair1,stone
1069,72175365,chair2,wood
1070,72175365,sofa3,wood
1071,72175309,chair1,wood
1072,72175309,chair2,wood
1073,72175309,chair3,wood
1074,72175309,sofa1,wood
1075,72175239,chair1,wood
1076,72175239,chair10,wood
1077,72175239,chair11,wood
1078,72175239,chair2,wood
1079,72175239,chair3,leather
1080,72175239,chair4,wood
1081,72175239,chair5,leather
1082,72175239,chair6,wood
1083,72175239,chair7,leather
1084,72175239,chair8,wood
1085,72175239,chair9,wood
1086,72175239,sofa1,wood
1087,72175239,sofa2,wood
1088,72175233,chair1,wood
1089,72175178,chair1,leather
1090,72175073,chair1,wood
1091,72175073,chair2,leather
1092,72175073,chair3,wood
1093,72175073,chair4,wood
1094,72175073,chair5,wood
1095,72175073,sofa1,leather
1096,72175003,chair1,wood
1097,72175003,chair2,wood
1098,72175003,chair3,leather
1099,72175003,chair4,wood
1100,72175003,chair5,wood
1101,72174971,chair1,wood
1102,72174971,chair2,wood
1103,72174971,chair3,wood
1104,72174971,chair4,wood
1105,72174971,sofa1,wood
1106,72174971,sofa3,wood
1107,72174971,sofa4,wood
1108,72174953,chair1,leather
1109,72174953,chair2,leather
1110,72174953,chair3,leather
1111,72174953,chair4,wood
1112,72174953,chair5,wood
1113,72174953,chair6,wood
1114,72174953,sofa1,wood
1115,72174932,bed4,leather
1116,72174932,chair2,wood
1117,72174932,chair3,wood
1118,72174932,chair6,wood
1119,72174932,chair7,wood
1120,72174932,chair8,leather
1121,72174932,chair9,wood
1122,72174932,sofa1,wood
1123,72174932,sofa5,wood
1124,72174891,sofa1,stone
1125,72174891,sofa2,wood
1126,72174889,chair1,wood
1127,72174777,bed1,leather
1128,72174777,bed2,leather
1129,72174777,chair1,wood
1130,72174777,chair2,leather
1131,72174777,chair3,wood
1132,72174777,chair4,wood
1133,72174777,sofa1,leather
1134,72174777,sofa3,leather
1135,72174768,chair1,wood
1136,72174768,chair2,wood
1137,72174768,chair3,leather
1138,72174756,chair1,leather
1139,72174756,chair2,wood
1140,72174756,chair3,wood
1141,72174756,chair4,leather
1142,72174756,chair5,wood
1143,72174756,chair7,leather
1144,72174756,chair9,leather
1145,72174756,sofa1,wood
1146,72174756,sofa2,leather
1147,72174756,sofa3,wood
1148,72174756,sofa6,stone
1149,72174756,sofa8,wood
1150,72174755,chair1,wood
1151,72174755,chair2,leather
1152,72174755,chair3,wood
1153,72174755,chair4,wood
1154,72174755,chair5,wood
1155,72174755,sofa1,wood
1156,72174755,sofa2,wood
1157,72174755,sofa3,leather
1158,72174751,chair2,leather
1159,72174751,chair3,wood
1160,72174751,chair4,leather
1161,72174751,chair5,leather
1162,72174751,sofa1,wood
1163,72174741,bed3,wood
1164,72174741,chair1,wood
1165,72174741,chair2,wood
1166,72174709,chair1,wood
1167,72174685,chair1,wood
1168,72174656,chair1,leather
1169,72174656,chair2,wood
1170,72174656,chair3,wood
1171,72174656,chair4,wood
1172,72174656,chair5,leather
1173,72174656,chair6,leather
1174,72174656,sofa1,leather
1175,72174656,sofa2,leather
1176,72174656,sofa3,leather
1177,72174629,bed1,stone
1178,72174629,chair2,stone
1179,72174539,chair1,leather
1180,72174539,chair2,leather
1181,72174539,chair3,wood
1182,72174539,chair4,leather
1183,72174444,chair1,leather
1184,72174444,chair2,wood
1185,72174444,chair3,wood
1186,72174444,chair4,wood
1187,72174444,chair5,wood
1188,72174444,chair6,wood
1189,72174444,chair7,wood
1190,72174444,sofa1,wood
1191,72174444,sofa6,wood
1192,72174444,sofa7,wood
1193,72174435,chair1,wood
1194,72174435,chair2,wood
1195,72174435,chair3,stone
1196,72174435,chair4,stone
1197,72174435,chair5,stone
1198,72174435,chair6,stone
1199,72174435,chair7,wood
1200,72174435,chair8,wood
1201,72174409,chair1,wood
1202,72174409,chair2,wood
1203,72174399,bed1,wood
1204,72174398,chair2,wood
1205,72174398,sofa1,stone
1206,72174398,sofa3,wood
1207,72174371,chair1,leather
1208,72174354,chair1,leather
1209,72174354,chair2,leather
1210,72174354,chair3,leather
1211,72174354,chair4,leather
1212,72174354,chair5,leather
1213,72174354,sofa1,leather
1214,72174323,chair1,stone
1215,72174323,chair2,leather
1216,72174323,chair3,leather
1217,72174323,chair4,wood
1218,72174323,chair5,wood
1219,72174323,chair6,leather
1220,72174233,chair1,wood
1221,72174233,chair10,leather
1222,72174233,chair2,leather
1223,72174233,chair3,wood
1224,72174233,chair4,leather
1225,72174233,chair5,wood
1226,72174233,chair6,leather
1227,72174233,chair7,leather
1228,72174233,chair8,leather
1229,72174233,chair9,wood
1230,72174233,sofa4,leather
1231,72174233,sofa6,leather
1232,72174129,chair1,leather
1233,72174129,chair3,stone
1234,72174129,chair4,leather
1235,72174129,sofa1,leather
1236,72174129,sofa2,wood
1237,72174129,sofa3,leather
1238,72174091,chair1,leather
1239,72174091,chair10,leather
1240,72174091,chair2,leather
1241,72174091,chair3,leather
1242,72174091,chair4,leather
1243,72174091,chair5,wood
1244,72174091,chair6,wood
1245,72174091,chair7,wood
1246,72174091,chair9,wood
1247,72174091,sofa1,stone
1248,72174091,sofa10,stone
1249,72174091,sofa2,leather
1250,72174091,sofa6,stone
1251,72174091,sofa8,wood
1252,72174084,sofa1,wood
1253,72174084,sofa2,leather
1254,72174040,bed1,wood
1255,72173948,chair1,stone
1256,72173948,chair2,wood
1257,72173948,chair3,leather
1258,72173948,chair5,leather
1259,72173948,chair6,wood
1260,72173948,sofa1,stone
1261,72173948,sofa4,wood
1262,72173893,chair1,wood
1263,72173893,chair2,wood
1264,72173893,chair3,wood
1265,72173893,chair4,wood
1266,72173893,chair5,wood
1267,72173893,sofa1,wood
1268,72173888,chair1,wood
1269,72173888,chair2,leather
1270,72173888,chair3,wood
1271,72173888,chair4,leather
1272,72173888,chair5,leather
1273,72173888,chair6,wood
1274,72173888,chair7,leather
1275,72173696,chair1,wood
1276,72173696,chair2,wood
1277,72173696,chair3,wood
1278,72173696,chair4,wood
1279,72173696,chair5,wood
1280,72173696,chair6,leather
1281,72173696,chair7,wood
1282,72173696,sofa1,leather
1283,72173696,sofa2,wood
1284,72173694,chair1,wood
1285,72173675,chair1,leather
1286,72173675,chair4,leather
1287,72173675,sofa2,leather
1288,72173675,sofa3,leather
1289,72173627,chair1,wood
1290,72173606,chair1,leather
1291,72173606,chair2,leather
1292,72173606,chair3,leather
1293,72173606,chair4,leather
1294,72173606,chair5,leather
1295,72173606,chair6,leather
1296,72173606,chair7,leather
1297,72173578,chair1,stone
1298,72173578,chair2,stone
1299,72173578,chair3,leather
1300,72173578,chair4,leather
1301,72173571,bed1,wood
1302,72173571,chair1,leather
1303,72173571,chair2,leather
1304,72173571,chair3,leather
1305,72173571,chair4,leather
1306,72173571,chair5,leather
1307,72173571,chair6,leather
1308,72173571,chair7,leather
1309,72173571,chair8,wood
1310,72173571,sofa1,leather
1311,72173499,chair1,leather
1312,72173499,chair2,wood
1313,72173499,chair3,leather
1314,72173499,chair4,leather
1315,72173499,chair5,leather
1316,72173499,chair6,leather
1317,72173499,chair7,leather
1318,72173499,chair8,leather
1319,72173499,chair9,leather
1320,72173499,sofa1,leather
1321,72173499,sofa4,leather
1322,72173491,bed3,wood
1323,72173491,chair2,stone
1324,72173491,sofa1,leather
1325,72173441,chair1,leather
1326,72173441,chair2,stone
1327,72173441,chair3,stone
1328,72173441,chair4,leather
1329,72173441,chair5,stone
1330,72173441,chair6,leather
1331,72173441,chair7,leather
1332,72173395,chair1,wood
1333,72173395,chair2,wood
1334,72173395,sofa1,wood
1335,72173395,sofa3,wood
1336,72173379,chair1,leather
1337,72173379,chair2,wood
1338,72173379,chair5,leather
1339,72173379,chair6,leather
1340,72173379,chair7,wood
1341,72173379,sofa1,wood
1342,72173379,sofa2,wood
1343,72173379,sofa3,wood
1344,72173379,sofa4,wood
1345,72173379,sofa5,stone
1346,72173378,sofa1,leather
1347,72173378,sofa2,wood
1348,72173347,chair1,leather
1349,72173302,bed4,wood
1350,72173302,chair1,leather
1351,72173302,chair10,leather
1352,72173302,chair11,leather
1353,72173302,chair2,wood
1354,72173302,chair3,wood
1355,72173302,chair4,leather
1356,72173302,chair5,leather
1357,72173302,chair6,leather
1358,72173302,chair7,leather
1359,72173302,chair8,leather
1360,72173302,chair9,wood
1361,72173302,sofa1,wood
1362,72173302,sofa2,wood
1363,72173267,chair1,leather
1364,72173267,chair10,leather
1365,72173267,chair3,stone
1366,72173267,chair4,leather
1367,72173267,chair5,leather
1368,72173267,chair6,leather
1369,72173267,chair7,wood
1370,72173267,chair8,leather
1371,72173267,chair9,leather
1372,72173267,sofa2,wood
1373,72173244,chair1,wood
1374,72173244,chair4,wood
1375,72173244,sofa1,wood
1376,72173244,sofa2,leather
1377,72173244,sofa3,stone
1378,72173232,bed1,wood
1379,72173228,chair2,leather
1380,72173228,chair3,leather
1381,72173228,chair5,leather
1382,72173228,sofa1,leather
1383,72173228,sofa4,leather
1384,72173180,chair1,stone
1385,72173180,chair2,stone
1386,72173180,chair3,wood
1387,72173180,chair4,stone
1388,72173180,chair5,stone
1389,72173180,chair6,wood
1390,72173180,chair7,wood
1391,72173152,chair3,wood
1392,72173152,chair4,wood
1393,72173152,sofa1,wood
1394,72173152,sofa2,wood
1395,72173119,chair1,leather
1396,72173119,chair2,leather
1397,72173119,chair3,leather
1398,72173119,chair4,wood
1399,72173119,chair5,leather
1400,72173119,chair6,wood
1401,72173119,chair7,wood
1402,72173119,chair8,wood
1403,72173119,sofa1,leather
1404,72173119,sofa2,wood
1405,72173119,sofa3,wood
1406,72173063,chair1,wood
1407,72173063,chair2,wood
1408,72173046,bed2,wood
1409,72173046,chair1,wood
1410,72173031,chair1,leather
1411,72173031,chair2,leather
1412,72173031,chair3,leather
1413,72173031,chair5,wood
1414,72173031,chair7,wood
1415,72173031,chair8,wood
1416,72173031,sofa2,leather
1417,72173031,sofa4,wood
1418,72173031,sofa6,wood
1419,72172982,chair1,leather
1420,72172982,chair2,leather
1421,72172974,chair1,leather
1422,72172974,chair2,leather
1423,72172956,chair1,leather
1424,72172942,bed1,stone
1425,72172942,chair2,wood
1426,72172937,chair1,wood
1427,72172937,chair2,wood
1428,72172937,chair3,wood
1429,72172937,chair4,wood
1430,72172937,chair5,wood
1431,72172924,chair1,wood
1432,72172906,chair1,leather
1433,72172906,chair2,stone
1434,72172906,chair3,wood
1435,72172906,chair4,leather
1436,72172906,chair5,wood
1437,72172906,sofa1,leather
1438,72172906,sofa2,wood
1439,72172704,chair1,leather
1440,72172704,chair2,leather
1441,72172689,chair1,leather
1442,72172689,chair2,leather
1443,72172683,chair1,wood
1444,72172683,chair2,wood
1445,72172683,chair3,wood
1446,72172683,chair4,wood
1447,72172683,chair5,wood
1448,72172683,chair6,wood
1449,72172683,chair7,wood
1450,72172683,chair8,wood
1451,72172683,sofa1,leather
1452,72172683,sofa5,wood
1453,72172625,chair1,leather
1454,72172625,chair2,wood
1455,72172625,chair3,wood
1456,72172625,chair5,wood
1457,72172625,chair6,wood
1458,72172625,sofa4,wood
1459,72172623,bed1,wood
1460,72172623,chair1,leather
1461,72172623,chair2,wood
1462,72172623,chair3,wood
1463,72172623,chair4,wood
1464,72172623,chair6,wood
1465,72172623,sofa1,wood
1466,72172623,sofa3,wood
1467,72172623,sofa5,wood
1468,72172540,chair1,wood
1469,72172540,chair2,wood
1470,72172540,chair3,leather
1471,72172540,chair4,wood
1472,72172540,chair5,wood
1473,72172540,chair6,wood
1474,72172540,chair7,wood
1475,72172540,sofa1,leather
1476,72172462,chair1,leather
1477,72172462,chair2,leather
1478,72172412,chair1,wood
1479,72172412,chair2,wood
1480,72172412,chair3,leather
1481,72172412,chair4,leather
1482,72172412,chair5,wood
1483,72172412,chair6,wood
1484,72172412,chair7,wood
1485,72172412,chair9,wood
1486,72172412,sofa1,wood
1487,72172412,sofa8,wood
1488,72172400,chair1,wood
1489,72172400,chair2,leather
1490,72172400,chair3,leather
1491,72172400,chair4,wood
1492,72172345,chair1,leather
1493,72172345,chair10,wood
1494,72172345,chair11,wood
1495,72172345,chair12,wood
1496,72172345,chair13,wood
1497,72172345,chair2,leather
1498,72172345,chair3,leather
1499,72172345,chair4,wood
1500,72172345,chair5,wood
1501,72172345,chair6,wood
1502,72172345,chair7,wood
1503,72172345,chair8,wood
1504,72172345,chair9,wood
1505,72172345,sofa1,leather
1506,72172293,chair1,wood
1507,72172293,chair2,wood
1508,72172293,chair3,wood
1509,72172293,chair4,wood
1510,72172293,sofa1,leather
1511,72172293,sofa2,wood
1512,72172292,chair1,leather
1513,72172292,chair2,leather
1514,72172292,chair3,wood
1515,72172292,chair4,wood
1516,72172279,chair1,wood
1517,72172279,chair2,wood
1518,72172279,chair3,leather
1519,72172279,chair4,leather
1520,72172279,chair5,wood
1521,72172279,chair6,wood
1522,72172279,chair7,wood
1523,72172279,chair8,stone
1524,72172279,chair9,wood
1525,72172229,chair1,leather
1526,72172229,chair2,leather
1527,72172229,chair3,leather
1528,72172229,chair4,wood
1529,72172229,chair5,wood
1530,72172229,chair6,leather
1531,72172229,chair7,leather
1532,72172229,chair8,wood
1533,72172229,chair9,leather
1534,72172210,bed1,stone
1535,72172210,chair1,leather
1536,72172210,chair2,leather
1537,72172210,chair3,leather
1538,72172210,chair4,leather
1539,72172210,sofa2,leather
1540,72172210,sofa5,leather
1541,72172205,chair1,leather
1542,72172205,chair2,leather
1543,72172205,chair3,leather
1544,72172205,chair4,wood
1545,72172205,chair5,wood
1546,72172205,chair6,wood
1547,72172205,chair7,leather
1548,72172205,chair8,leather
1549,72172085,chair2,wood
1550,72172085,chair3,wood
1551,72172085,sofa1,wood
1552,72172085,sofa4,wood
1553,72172060,chair2,leather
1554,72172060,chair3,leather
1555,72172060,chair4,wood
1556,72172060,chair6,leather
1557,72172060,chair7,wood
1558,72172060,chair8,leather
1559,72172060,chair9,wood
1560,72172060,sofa1,wood
1561,72172060,sofa5,wood
1562,72172049,chair1,wood
1563,72172049,chair10,wood
1564,72172049,chair2,leather
1565,72172049,chair3,wood
1566,72172049,chair4,stone
1567,72172049,chair5,leather
1568,72172049,chair6,wood
1569,72172049,chair7,leather
1570,72172049,chair8,wood
1571,72172049,sofa1,wood
1572,72172049,sofa2,wood
1573,72172049,sofa5,wood
1574,72172049,sofa7,wood
1575,72172049,sofa9,wood
1576,72172007,chair1,wood
1577,72172007,chair2,leather
1578,72172007,chair3,leather
1579,72172007,sofa1,wood
1580,72172002,chair1,wood
1581,72172002,chair2,leather
1582,72172002,chair3,leather
1583,72172002,chair4,wood
1584,72172002,chair5,wood
1585,72172002,sofa1,leather
1586,72172002,sofa2,wood
1587,72171976,chair10,wood
1588,72171976,chair2,wood
1589,72171976,chair3,wood
1590,72171976,chair4,wood
1591,72171976,chair5,wood
1592,72171976,chair6,wood
1593,72171976,chair7,leather
1594,72171976,chair9,leather
1595,72171976,sofa1,wood
1596,72171976,sofa3,wood
1597,72171976,sofa8,leather
1598,72171856,chair1,leather
1599,72171856,chair10,leather
1600,72171856,chair11,leather
1601,72171856,chair2,leather
1602,72171856,chair3,leather
1603,72171856,chair4,wood
1604,72171856,chair5,leather
1605,72171856,chair6,wood
1606,72171856,chair7,wood
1607,72171856,chair8,leather
1608,72171856,chair9,wood
1609,72171856,sofa3,leather
1610,72171856,sofa5,leather
1611,72171812,chair2,leather
1612,72171812,chair3,leather
1613,72171812,sofa1,leather
1614,72171812,sofa2,leather
1615,72171762,chair2,wood
1616,72171762,sofa1,wood
1617,72171641,chair1,leather
1618,72171614,chair2,wood
1619,72171614,chair3,leather
1620,72171614,chair4,wood
1621,72171614,chair5,wood
1622,72171614,chair6,leather
1623,72171614,chair7,leather
1624,72171614,sofa1,leather
1625,72171614,sofa2,leather
1626,72171614,sofa4,stone
1627,72171607,bed1,leather
1628,72171607,chair2,wood
1629,72171607,chair3,wood
1630,72171607,chair4,leather
1631,72171594,chair1,leather
1632,72171594,chair2,stone
1633,72171584,chair1,leather
1634,72171584,chair2,wood
1635,72171584,chair3,wood
1636,72171548,chair1,wood
1637,72171548,chair10,leather
1638,72171548,chair11,wood
1639,72171548,chair12,wood
1640,72171548,chair13,wood
1641,72171548,chair2,leather
1642,72171548,chair3,wood
1643,72171548,chair4,wood
1644,72171548,chair5,wood
1645,72171548,chair6,wood
1646,72171548,chair7,wood
1647,72171548,chair8,wood
1648,72171548,chair9,wood
1649,72171548,sofa2,leather
1650,72171434,bed4,leather
1651,72171434,chair1,wood
1652,72171434,chair2,wood
1653,72171434,chair4,leather
1654,72171434,chair5,wood
1655,72171434,sofa1,leather
1656,72171434,sofa3,wood
1657,72171432,bed3,wood
1658,72171432,chair1,leather
1659,72171432,chair2,wood
1660,72171432,chair3,leather
1661,72171432,chair4,leather
1662,72171432,chair5,leather
1663,72171432,chair6,leather
1664,72171432,sofa1,wood
1665,72171432,sofa3,leather
1666,72171426,bed1,wood
1667,72171230,chair2,wood
1668,72171230,chair3,wood
1669,72171230,chair4,leather
1670,72171230,sofa1,stone
1671,72171230,sofa2,stone
1672,72171230,sofa3,leather
1673,72171230,sofa4,wood
1674,72171226,chair1,leather
1675,72171146,chair1,wood
1676,72171145,chair1,stone
1677,72171145,chair2,wood
1678,72171145,chair3,wood
1679,72171145,chair4,wood
1680,72171145,chair5,stone
1681,72171145,chair6,leather
1682,72171145,chair7,leather
1683,72171145,chair8,wood
1684,72171111,sofa1,wood
1685,72171007,chair1,wood
1686,72171007,chair3,wood
1687,72171007,sofa2,wood
1688,72170997,chair1,leather
1689,72170997,chair2,wood
1690,72170997,chair3,wood
1691,72170997,chair4,wood
1692,72170997,sofa1,wood
1693,72170997,sofa3,leather
1694,72170997,sofa5,wood
1695,72170997,sofa6,wood
1696,72170994,chair1,wood
1697,72170948,chair1,leather
1698,72170948,chair2,wood
1699,72170948,chair3,wood
1700,72170948,chair4,wood
1701,72170948,chair5,wood
1702,72170942,bed3,wood
1703,72170942,chair1,wood
1704,72170942,chair2,wood
1705,72170942,chair5,wood
1706,72170942,sofa1,wood
1707,72170942,sofa3,wood
1708,72170942,sofa4,wood
1709,72170942,sofa5,wood
1710,72170854,chair1,wood
1711,72170854,chair2,wood
1712,72170818,chair1,leather
1713,72170818,chair2,leather
1714,72170818,chair3,leather
1715,72170818,chair5,leather
1716,72170818,chair6,wood
1717,72170818,chair7,wood
1718,72170818,sofa4,leather
1719,72170760,chair1,stone
1720,72170760,chair2,leather
1721,72170760,chair3,stone
1722,72170760,chair4,stone
1723,72170760,chair5,leather
1724,72170760,chair6,stone
1725,72170752,chair2,leather
1726,72170752,sofa1,leather
1727,72170742,chair1,wood
1728,72170742,chair2,wood
1729,72170742,chair3,wood
1730,72170742,chair4,wood
1731,72170742,sofa1,wood
1732,72170649,chair1,leather
1733,72170649,chair2,leather
1734,72170649,chair3,leather
1735,72170649,chair4,wood
1736,72170649,chair5,wood
1737,72170649,sofa1,wood
1738,72170649,sofa2,leather
1739,72170649,sofa3,leather
1740,72170637,bed1,stone
1741,72170637,sofa1,wood
1742,72170637,sofa2,wood
1743,72170617,bed1,leather
1744,72170617,chair1,stone
1745,72170617,chair2,wood
1746,72170617,chair3,leather
1747,72170617,chair4,leather
1748,72170617,chair5,leather
1749,72170617,sofa1,wood
1750,72170617,sofa2,leather
1751,72170587,chair1,wood
1752,72170587,chair10,wood
1753,72170587,chair11,leather
1754,72170587,chair2,wood
1755,72170587,chair3,leather
1756,72170587,chair4,leather
1757,72170587,chair5,wood
1758,72170587,chair6,wood
1759,72170587,chair7,wood
1760,72170587,chair8,leather
1761,72170587,chair9,leather
1762,72170587,sofa1,wood
1763,72170587,sofa4,leather
1764,72170552,chair1,leather
1765,72170552,chair2,wood
1766,72170552,chair3,wood
1767,72170552,chair4,leather
1768,72170475,chair1,wood
1769,72170475,chair2,wood
1770,72170475,chair3,wood
1771,72170475,chair4,wood
1772,72170475,chair5,wood
1773,72170475,chair6,wood
1774,72170475,chair7,wood
1775,72170475,chair8,wood
1776,72170475,chair9,wood
1777,72170471,chair1,leather
1778,72170467,chair4,leather
1779,72170467,chair7,wood
1780,72170467,chair8,leather
1781,72170467,sofa1,stone
1782,72170467,sofa2,wood
1783,72170467,sofa3,wood
1784,72170467,sofa5,leather
1785,72170467,sofa6,wood
1786,72170458,chair1,wood
1787,72170458,chair2,wood
1788,72170366,chair2,wood
1789,72170366,chair3,leather
1790,72170366,sofa1,wood
1791,72170366,sofa4,leather
1792,72170313,chair1,leather
1793,72170313,chair2,leather
1794,72170295,bed2,wood
1795,72170295,sofa1,wood
1796,72170286,chair1,leather
1797,72170286,chair3,leather
1798,72170286,chair5,wood
1799,72170286,sofa1,leather
1800,72170286,sofa2,wood
1801,72170286,sofa4,leather
1802,72170184,sofa1,leather
1803,72170184,sofa2,leather
1804,72170008,chair1,leather
1805,72169876,chair1,leather
1806,72169599,chair1,stone
1807,72169599,chair2,stone
1808,72169599,chair3,stone
1809,72169569,chair1,leather
1810,72169569,chair2,leather
1811,72169569,chair3,wood
1812,72169569,chair4,leather
1813,72169447,chair1,leather
1814,72169411,chair1,wood
1815,72169411,chair2,wood
1816,72169411,chair3,wood
1817,72169411,chair4,wood
1818,72169411,chair5,wood
1819,72169411,chair6,wood
1820,72169362,sofa1,wood
1821,72169362,sofa2,wood
1822,72169362,sofa3,wood
1823,72169217,chair2,leather
1824,72169217,chair3,leather
1825,72169217,chair5,wood
1826,72169217,chair6,wood
1827,72169217,sofa1,leather
1828,72169217,sofa2,wood
1829,72169217,sofa4,leather
1830,72169112,chair2,wood
1831,72169112,chair3,wood
1832,72169112,chair4,wood
1833,72169112,sofa1,wood
1834,72169107,chair1,leather
1835,72169107,chair2,leather
1836,72169107,chair4,wood
1837,72169107,sofa3,wood
1838,72169078,chair1,wood
1839,72169075,chair2,wood
1840,72169075,chair3,wood
1841,72169075,chair4,leather
1842,72169075,chair5,leather
1843,72169075,sofa1,wood
1844,72169075,sofa2,wood
1845,72169075,sofa3,wood
1846,72169034,bed1,wood
1847,72169034,chair1,wood
1848,72169034,chair2,wood
1849,72169027,chair1,leather
1850,72169027,chair4,wood
1851,72169027,sofa1,leather
1852,72169027,sofa2,leather
1853,72169027,sofa3,leather
1854,72169012,chair1,leather
1855,72169012,chair2,leather
1856,72169012,chair3,leather
1857,72169012,chair4,wood
1858,72169012,chair5,leather
1859,72169012,chair6,leather
1860,72169012,chair7,leather
1861,72169012,chair8,wood
1862,72169012,sofa1,wood
1863,72169012,sofa2,wood
1864,72169008,chair2,wood
1865,72169008,chair3,leather
1866,72169008,sofa1,leather
1867,72169008,sofa2,leather
1868,72169008,sofa3,wood
1869,72168920,chair1,wood
1870,72168913,chair1,leather
1871,72168913,chair10,wood
1872,72168913,chair2,wood
1873,72168913,chair3,leather
1874,72168913,chair4,wood
1875,72168913,chair5,leather
1876,72168913,chair6,leather
1877,72168913,chair7,wood
1878,72168913,chair8,leather
1879,72168913,chair9,stone
1880,72168913,sofa1,stone
1881,72168913,sofa2,leather
1882,72168913,sofa3,wood
1883,72168912,chair1,leather
1884,72168912,chair2,leather
1885,72168912,chair3,leather
1886,72168912,chair5,leather
1887,72168912,chair6,leather
1888,72168912,chair7,wood
1889,72168912,chair8,wood
1890,72168912,sofa1,leather
1891,72168912,sofa2,leather
1892,72168912,sofa4,leather
1893,72168895,chair2,leather
1894,72168895,sofa1,leather
1895,72168869,chair1,stone
1896,72168869,chair2,leather
1897,72168869,chair3,wood
1898,72168869,chair4,leather
1899,72168869,chair5,wood
1900,72168869,chair6,leather
1901,72168869,chair7,wood
1902,72168869,chair8,wood
1903,72168869,chair9,leather
1904,72168869,sofa1,leather
1905,72168869,sofa2,leather
1906,72168848,bed1,wood
1907,72168848,chair1,wood
1908,72168848,chair3,wood
1909,72168848,sofa2,leather
1910,72168822,chair1,leather
1911,72168822,chair2,stone
1912,72168822,chair3,leather
1913,72168822,chair4,leather
1914,72168822,chair5,wood
1915,72168822,chair6,leather
1916,72168822,chair7,wood
1917,72168822,sofa1,leather
1918,72168822,sofa3,stone
1919,72168822,sofa4,stone
1920,72168815,chair1,leather
1921,72168791,chair1,leather
1922,72168791,chair10,wood
1923,72168791,chair2,wood
1924,72168791,chair3,leather
1925,72168791,chair4,wood
1926,72168791,chair5,leather
1927,72168791,chair6,wood
1928,72168791,chair7,leather
1929,72168791,chair8,wood
1930,72168791,chair9,leather
1931,72168791,sofa1,leather
1932,72168791,sofa2,wood
1933,72168778,bed1,leather
1934,72168778,chair1,wood
1935,72168778,chair2,wood
1936,72168778,chair3,wood
1937,72168778,chair4,wood
1938,72168778,chair5,wood
1939,72168778,sofa1,wood
1940,72168778,sofa2,wood
1941,72168778,sofa3,wood
1942,72168778,sofa4,wood
1943,72168778,sofa5,wood
1944,72168737,chair2,leather
1945,72168737,chair3,leather
1946,72168737,sofa1,wood
1947,72168737,sofa4,wood
1948,72168729,bed1,wood
1949,72168729,chair1,leather
1950,72168729,chair2,wood
1951,72168729,chair3,leather
1952,72168729,sofa2,leather
1953,72168712,bed3,leather
1954,72168712,chair1,leather
1955,72168712,chair2,wood
1956,72168672,sofa1,wood
1957,72168649,chair1,leather
1958,72168649,chair2,leather
1959,72168649,sofa1,wood
1960,72168649,sofa2,leather
1961,72168649,sofa3,leather
1962,72168640,chair1,wood
1963,72168640,chair2,wood
1964,72168625,chair3,leather
1965,72168625,chair4,wood
1966,72168625,chair5,leather
1967,72168625,sofa1,leather
1968,72168625,sofa2,leather
1969,72168601,chair1,leather
1970,72168601,chair2,wood
1971,72168601,chair3,wood
1972,72168601,sofa4,leather
1973,72168600,chair3,leather
1974,72168600,sofa1,wood
1975,72168600,sofa2,leather
1976,72168563,chair1,leather
1977,72168563,chair2,wood
1978,72168563,sofa1,leather
1979,72168494,chair1,wood
1980,72168494,chair2,wood
1981,72168327,chair1,wood
1982,72168327,chair2,wood
1983,72168327,chair3,wood
1984,72168327,chair4,wood
1985,72168327,chair5,wood
1986,72168327,chair6,wood
1987,72168155,chair1,leather
1988,72168155,chair2,leather
1989,72167838,chair2,wood
1990,72167838,sofa1,stone
1991,72167721,chair1,wood
1992,72167721,chair2,leather
1993,72167721,chair3,leather
1994,72167721,chair4,leather
1995,72167721,chair5,leather
1996,72167663,chair1,leather
1997,72167663,chair2,leather
1998,72167663,chair3,wood
1999,72167663,chair4,wood
2000,72167663,chair5,wood
2001,72167663,chair6,leather
2002,72167663,chair7,leather
2003,72167586,chair1,leather
2004,72167586,chair10,wood
2005,72167586,chair2,wood
2006,72167586,chair3,wood
2007,72167586,chair4,wood
2008,72167586,chair5,wood
2009,72167586,chair6,wood
2010,72167586,chair7,wood
2011,72167586,chair8,wood
2012,72167586,chair9,wood
2013,72167512,chair1,leather
2014,72167512,chair2,wood
2015,72167429,chair1,leather
2016,72167429,chair3,leather
2017,72167429,chair4,leather
2018,72167429,sofa2,wood
2019,72167377,chair1,wood
2020,72167231,chair1,stone
2021,72167231,chair2,leather
2022,72167231,chair3,wood
2023,72167231,chair4,wood
2024,72167231,chair5,leather
2025,72167221,chair1,stone
2026,72167221,chair2,leather
2027,72167125,chair1,wood
2028,72167125,chair2,wood
2029,72167071,chair1,stone
2030,72167071,chair2,wood
2031,72167071,chair3,wood
2032,72167071,chair4,wood
2033,72167018,chair1,wood
2034,72167018,chair2,leather
2035,72167018,chair3,wood
2036,72167018,chair4,wood
2037,72167018,chair5,wood
2038,72167018,chair6,wood
2039,72166918,chair1,wood
2040,72166904,sofa1,wood
2041,72166904,sofa2,wood
2042,72166818,chair1,stone
2043,72166818,chair2,stone
2044,72166818,chair3,wood
2045,72166818,chair4,leather
2046,72166810,chair1,wood
2047,72166810,chair2,wood
2048,72166670,chair1,leather
2049,72166568,chair1,leather
2050,72166568,chair2,leather
2051,72166568,chair3,leather
2052,72166568,chair4,wood
2053,72166426,chair1,stone
2054,72166232,chair1,leather
2055,72166232,chair2,leather
2056,72166232,chair3,leather
2057,72166171,chair1,leather
2058,72166171,chair2,leather
2059,72166171,chair3,leather
2060,72166171,chair4,wood
2061,72166171,chair5,leather
2062,72166171,chair6,wood
2063,72166171,chair7,leather
2064,72166171,chair8,leather
2065,72166087,chair1,wood
2066,72166087,chair2,stone
2067,72166087,chair3,stone
2068,72165768,bed3,stone
2069,72165768,chair1,wood
2070,72165768,chair2,wood
2071,72165768,sofa4,stone
2072,72165737,sofa1,wood
2073,72165625,chair1,leather
2074,72165625,chair3,leather
2075,72165625,chair4,wood
2076,72165625,sofa2,leather
2077,72165557,chair1,leather
2078,72165459,chair1,leather
2079,72165192,sofa1,leather
2080,72165192,sofa2,leather
2081,72165192,sofa3,wood
2082,72165174,chair3,leather
2083,72165174,chair4,wood
2084,72165174,sofa1,wood
2085,72165174,sofa2,wood
2086,72165133,chair1,leather
2087,72165092,sofa1,stone
2088,72165092,sofa2,leather
2089,72164998,chair1,wood
2090,72164998,chair2,wood
2091,72164694,chair1,leather
2092,72164694,chair2,wood
2093,72164694,chair3,wood
2094,72164694,chair4,wood
2095,72164425,chair3,wood
2096,72164425,chair4,wood
2097,72164425,chair5,wood
2098,72164425,chair6,wood
2099,72164425,sofa1,wood
2100,72164425,sofa2,wood
2101,72164344,chair1,stone
2102,72164344,chair2,wood
2103,72164193,chair1,wood
2104,72164193,chair2,wood
2105,72164159,sofa1,wood
2106,72164159,sofa2,wood
2107,72163903,chair1,wood
2108,72163903,chair2,wood
2109,72163903,chair3,wood
2110,72163903,chair4,wood
2111,72163903,chair5,leather
2112,72163877,chair1,leather
2113,72163877,chair2,leather
2114,72163877,chair3,wood
2115,72163877,chair4,leather
2116,72163877,chair5,leather
2117,72163877,chair6,leather
2118,72163737,chair1,wood
2119,72163737,chair2,wood
2120,72163543,chair1,wood
2121,72163459,chair1,wood
2122,72163459,chair2,wood
2123,72163459,chair3,stone
2124,72163459,chair4,leather
2125,72163153,chair1,wood
2126,72162870,chair1,wood
2127,72162870,chair2,wood
2128,72162870,chair3,wood
2129,72162870,chair4,wood
2130,72162870,chair5,wood
2131,72162870,chair6,leather
2132,72162870,chair7,wood
2133,72162870,chair8,leather
2134,72162870,chair9,stone
2135,72162826,chair2,leather
2136,72162826,chair3,leather
2137,72162826,chair4,leather
2138,72162826,sofa1,wood
2139,72162791,chair1,leather
2140,72162791,chair2,wood
2141,72162791,chair3,wood
2142,72162791,chair4,wood
2143,72162791,chair5,wood
2144,72162791,chair6,wood
2145,72162791,chair7,wood
2146,72162791,chair8,wood
2147,72162781,chair2,leather
2148,72162781,chair3,leather
2149,72162781,chair4,leather
2150,72162781,chair5,wood
2151,72162781,chair6,leather
2152,72162781,chair7,wood
2153,72162781,sofa1,leather
2154,72162696,chair1,wood
2155,72162696,chair4,wood
2156,72162696,sofa2,wood
2157,72162696,sofa3,wood
2158,72162605,chair1,wood
2159,72162605,chair2,leather
2160,72162428,chair2,wood
2161,72162428,chair5,wood
2162,72162428,sofa1,leather
2163,72162428,sofa3,wood
2164,72162428,sofa4,wood
2165,72162419,chair2,leather
2166,72162419,chair4,wood
2167,72162419,chair5,stone
2168,72162419,chair6,stone
2169,72162419,sofa1,leather
2170,72162419,sofa3,leather
2171,72162339,sofa1,leather
2172,72162339,sofa2,leather
2173,72162296,chair1,leather
2174,72162296,chair2,wood
2175,72162296,chair4,wood
2176,72162296,sofa3,wood
2177,72162238,chair3,leather
2178,72162238,sofa1,leather
2179,72162238,sofa2,wood
2180,72162238,sofa4,leather
2181,72162204,chair1,leather
2182,72162204,chair2,leather
2183,72162204,chair3,wood
2184,72162096,chair1,wood
2185,72162096,chair2,wood
2186,72162096,chair3,wood
2187,72162096,chair4,wood
2188,72162096,chair5,leather
2189,72162096,chair6,wood
2190,72162096,chair7,wood
2191,72162096,chair8,wood
2192,72161670,chair1,stone
2193,72161670,chair2,leather
2194,72161670,sofa3,wood
2195,72161464,chair2,wood
2196,72161464,chair3,leather
2197,72161464,chair5,leather
2198,72161464,sofa1,wood
2199,72161464,sofa4,stone
2200,72161459,chair1,wood
2201,72161292,chair1,leather
2202,72161292,chair2,leather
2203,72161292,chair3,stone
2204,72161292,chair4,stone
2205,72161292,chair5,stone
2206,72161292,chair6,leather
2207,72161198,chair1,leather
2208,72161195,chair1,stone
2209,72161195,chair10,wood
2210,72161195,chair11,leather
2211,72161195,chair12,wood
2212,72161195,chair3,wood
2213,72161195,chair4,wood
2214,72161195,chair6,wood
2215,72161195,chair7,wood
2216,72161195,chair8,leather
2217,72161195,chair9,leather
2218,72161195,sofa2,wood
2219,72161195,sofa5,wood
2220,72161092,chair1,wood
2221,72161092,chair2,wood
2222,72161092,chair3,wood
2223,72160838,sofa1,leather
2224,72160815,chair1,stone
2225,72160815,sofa2,stone
2226,72160261,chair1,wood
2227,72160261,chair2,wood
2228,72160046,chair1,leather
2229,72160046,chair2,wood
2230,72160046,chair3,leather
2231,72159538,chair4,wood
2232,72159538,chair5,wood
2233,72159538,sofa1,wood
2234,72159538,sofa2,leather
2235,72159538,sofa3,wood
2236,72159170,chair1,leather
2237,72159170,chair2,leather
2238,72159170,chair3,leather
2239,72159170,chair5,wood
2240,72159170,chair6,leather
2241,72159170,sofa4,leather
2242,72158851,chair1,wood
2243,72158816,chair3,wood
2244,72158816,chair4,wood
2245,72158816,chair5,wood
2246,72158816,chair6,wood
2247,72158816,chair7,wood
2248,72158816,sofa1,wood
2249,72158816,sofa2,wood
2250,72158538,chair1,wood
2251,72158538,chair2,leather
2252,72158538,chair3,wood
2253,72158538,chair4,wood
2254,72158538,chair5,leather
2255,72158538,chair6,leather
2256,72158538,chair7,wood
2257,72158529,chair2,leather
2258,72158529,chair5,leather
2259,72158529,chair7,leather
2260,72158529,sofa1,wood
2261,72158529,sofa3,leather
2262,72158529,sofa4,leather
2263,72158529,sofa6,leather
2264,72158370,chair1,stone
2265,72158370,chair2,wood
2266,72158370,chair3,leather
2267,72158327,chair2,wood
2268,72158327,chair3,leather
2269,72158327,sofa1,leather
2270,72158003,chair1,wood
2271,72158003,chair2,leather
2272,72158003,chair3,wood
2273,72158003,chair4,wood
2274,72158003,chair5,leather
2275,72158003,chair6,wood
2276,72158003,chair7,leather
2277,72157961,chair1,stone
2278,72157961,chair2,stone
2279,72157909,chair1,wood
2280,72157909,chair11,wood
2281,72157909,chair12,leather
2282,72157909,chair2,stone
2283,72157909,chair3,leather
2284,72157909,chair4,wood
2285,72157909,chair5,wood
2286,72157909,chair6,leather
2287,72157909,chair7,stone
2288,72157909,chair8,leather
2289,72157909,chair9,leather
2290,72157909,sofa10,wood
2291,72157790,chair1,leather
2292,72157790,chair2,leather
2293,72157790,chair3,leather
2294,72157790,chair4,stone
2295,72157790,chair5,leather
2296,72157744,chair2,wood
2297,72157744,chair4,wood
2298,72157744,chair5,wood
2299,72157744,chair6,wood
2300,72157744,sofa1,leather
2301,72157744,sofa3,wood
2302,72157408,chair1,leather
2303,72157408,chair2,leather
2304,72157408,chair3,wood
2305,72157303,chair1,leather
2306,72157263,chair1,wood
2307,72157205,sofa1,leather
2308,72157191,chair1,wood
2309,72157191,chair2,wood
2310,72157191,chair3,wood
2311,72157191,chair4,wood
2312,72157191,chair5,wood
2313,72157127,chair1,leather
2314,72157067,chair1,stone
2315,72157067,chair3,leather
2316,72157067,chair4,leather
2317,72157067,chair5,wood
2318,72157067,sofa2,wood
2319,72156960,chair1,leather
2320,72156960,chair2,leather
2321,72156960,chair3,wood
2322,72156960,chair4,wood
2323,72156921,chair1,leather
2324,72156921,chair2,wood
2325,72156921,chair3,leather
2326,72156921,chair4,leather
2327,72156921,chair5,leather
2328,72156879,chair2,wood
2329,72156879,sofa1,stone
2330,72156879,sofa3,leather
2331,72156879,sofa4,wood
2332,72156853,chair1,leather
2333,72156853,chair2,leather
2334,72156732,chair2,wood
2335,72156732,chair4,leather
2336,72156732,sofa1,wood
2337,72156732,sofa3,stone
2338,72156670,chair1,stone
2339,72156670,chair2,stone
2340,72156669,chair1,wood
2341,72156669,chair2,wood
2342,72156669,chair3,wood
2343,72156650,chair1,leather
2344,72156650,chair2,leather
2345,72156650,chair3,leather
2346,72156558,chair1,leather
2347,72156558,chair2,wood
2348,72156558,chair3,wood
2349,72156511,chair1,leather
2350,72156511,chair10,leather
2351,72156511,chair2,leather
2352,72156511,chair3,leather
2353,72156511,chair6,leather
2354,72156511,chair7,leather
2355,72156511,chair8,leather
2356,72156511,chair9,leather
2357,72156511,sofa4,leather
2358,72156511,sofa5,leather
2359,72156418,chair1,wood
2360,72156418,chair2,leather
2361,72156275,bed1,leather
2362,72156275,bed7,leather
2363,72156275,chair4,wood
2364,72156275,chair6,wood
2365,72156275,sofa2,wood
2366,72156275,sofa3,wood
2367,72156275,sofa5,wood
2368,72156122,chair3,wood
2369,72156122,sofa1,leather
2370,72156122,sofa2,leather
2371,72155904,chair1,stone
2372,72155904,chair2,stone
2373,72155904,chair3,wood
2374,72155904,chair4,stone
2375,72155904,chair5,wood
2376,72155898,chair1,wood
2377,72155898,chair2,wood
2378,72155497,chair1,stone
2379,72155497,chair2,stone
2380,72155497,chair3,leather
2381,72155191,chair1,leather
2382,72155191,chair2,wood
2383,72155191,chair3,wood
2384,72155178,chair1,leather
2385,72155178,chair2,leather
2386,72154847,chair1,leather
2387,72154725,chair3,stone
2388,72154725,chair4,leather
2389,72154725,sofa1,stone
2390,72154725,sofa2,leather
2391,72154725,sofa5,leather
2392,72154626,chair1,leather
2393,72154436,chair1,leather
2394,72154436,chair2,wood
2395,72154122,chair1,wood
2396,72154122,chair2,leather
2397,72154071,chair1,wood
2398,72154071,chair2,wood
2399,72154071,chair3,leather
2400,72154071,chair4,wood
2401,72153961,chair1,leather
2402,72153961,chair4,wood
2403,72153961,chair5,wood
2404,72153961,chair6,wood
2405,72153961,sofa2,wood
2406,72153961,sofa3,wood
2407,72153959,chair1,leather
2408,72153959,chair11,leather
2409,72153959,chair12,leather
2410,72153959,chair13,wood
2411,72153959,chair2,wood
2412,72153959,chair3,wood
2413,72153959,chair4,wood
2414,72153959,chair5,wood
2415,72153959,chair6,wood
2416,72153959,chair7,wood
2417,72153959,chair8,wood
2418,72153959,chair9,leather
2419,72153959,sofa10,wood
2420,72153959,sofa14,wood
2421,72153933,chair1,leather
2422,72153933,chair10,leather
2423,72153933,chair2,wood
2424,72153933,chair3,leather
2425,72153933,chair5,leather
2426,72153933,chair6,stone
2427,72153933,chair7,leather
2428,72153933,chair8,wood
2429,72153933,chair9,wood
2430,72153933,sofa4,stone
2431,72153830,chair1,wood
2432,72153830,chair2,wood
2433,72153830,chair3,wood
2434,72153830,chair4,leather
2435,72153766,chair3,wood
2436,72153766,chair4,leather
2437,72153766,chair5,leather
2438,72153766,chair6,leather
2439,72153766,chair7,leather
2440,72153766,chair8,wood
2441,72153766,chair9,leather
2442,72153766,sofa1,wood
2443,72153766,sofa2,wood
2444,72153692,chair1,stone
2445,72153692,chair2,leather
2446,72153692,chair3,leather
2447,72153686,chair1,wood
2448,72153686,chair2,leather
2449,72153686,chair3,wood
2450,72153686,chair4,wood
2451,72153686,chair5,wood
2452,72153593,chair1,leather
2453,72153593,chair2,leather
2454,72153593,chair3,leather
2455,72153430,chair1,wood
2456,72153382,chair1,wood
2457,72153382,chair2,leather
2458,72153382,chair3,wood
2459,72153382,chair4,wood
2460,72153239,chair1,leather
2461,72153239,chair2,leather
2462,72152986,chair1,leather
2463,72152876,chair1,leather
2464,72152876,chair2,leather
2465,72152876,chair3,wood
2466,72152876,chair4,wood
2467,72152717,chair1,wood
2468,72152717,chair2,wood
2469,72152717,chair4,wood
2470,72152717,chair5,wood
2471,72152717,sofa3,wood
2472,72152717,sofa6,wood
2473,72152693,chair1,wood
2474,72152693,chair2,wood
2475,72152693,chair3,wood
2476,72152693,chair4,wood
2477,72152693,chair5,leather
2478,72152693,chair6,wood
2479,72152635,sofa1,wood
2480,72152496,chair1,stone
2481,72152496,chair2,stone
2482,72152496,chair3,leather
2483,72152496,chair4,stone
2484,72152496,chair5,leather
2485,72152266,chair4,leather
2486,72152266,chair5,leather
2487,72152266,chair7,wood
2488,72152266,sofa1,stone
2489,72152266,sofa2,leather
2490,72152266,sofa3,wood
2491,72152266,sofa6,leather
2492,72152232,chair1,wood
2493,72152232,chair10,stone
2494,72152232,chair12,wood
2495,72152232,chair2,leather
2496,72152232,chair3,leather
2497,72152232,chair4,leather
2498,72152232,chair5,leather
2499,72152232,chair7,wood
2500,72152232,chair8,leather
2501,72152232,chair9,wood
2502,72152232,sofa11,wood
2503,72152232,sofa13,leather
2504,72152232,sofa14,leather
2505,72152232,sofa6,wood
2506,72151908,chair3,wood
2507,72151908,chair4,wood
2508,72151908,chair5,wood
2509,72151908,sofa1,wood
2510,72151908,sofa2,wood
2511,72151895,chair2,leather
2512,72151895,chair3,wood
2513,72151895,chair4,wood
2514,72151895,chair5,wood
2515,72151895,chair6,wood
2516,72151895,sofa1,wood
2517,72151895,sofa7,wood
2518,72151728,chair1,stone
2519,72151728,chair2,wood
2520,72151522,chair3,leather
2521,72151522,chair5,wood
2522,72151522,sofa1,wood
2523,72151522,sofa2,wood
2524,72151522,sofa4,leather
2525,72151487,chair1,wood
2526,72151487,chair2,wood
2527,72151487,chair3,wood
2528,72151380,chair1,stone
2529,72151380,chair2,leather
2530,72151380,chair3,leather
2531,72151359,chair1,leather
2532,72151359,chair2,wood
2533,72151157,chair1,stone
2534,72151157,chair10,wood
2535,72151157,chair2,wood
2536,72151157,chair3,wood
2537,72151157,chair4,leather
2538,72151157,chair5,leather
2539,72151157,chair6,wood
2540,72151157,chair7,wood
2541,72151157,chair8,leather
2542,72151157,chair9,leather
2543,72151101,chair1,wood
2544,72151101,chair10,leather
2545,72151101,chair11,leather
2546,72151101,chair2,leather
2547,72151101,chair4,leather
2548,72151101,chair6,leather
2549,72151101,chair7,wood
2550,72151101,chair8,leather
2551,72151101,chair9,leather
2552,72151101,sofa3,leather
2553,72151101,sofa5,leather
2554,72150899,chair1,leather
2555,72150899,chair2,leather
2556,72150738,chair1,wood
2557,72150738,chair2,leather
2558,72150738,sofa3,stone
2559,72150738,sofa4,stone
2560,72150731,chair1,wood
2561,72150731,chair2,leather
2562,72150731,chair3,leather
2563,72150682,chair2,wood
2564,72150682,sofa1,wood
2565,72150682,sofa3,leather
2566,72149504,chair1,stone
2567,72149504,chair3,wood
2568,72149504,chair4,wood
2569,72149504,chair5,wood
2570,72149504,sofa2,leather
2571,72149483,chair2,leather
2572,72149483,chair3,leather
2573,72149483,chair4,wood
2574,72149483,sofa1,wood
2575,72149395,chair1,stone
2576,72149395,chair2,stone
2577,72149395,chair3,stone
2578,72149395,chair4,leather
2579,72149222,chair1,stone
2580,72149222,chair2,leather
2581,72149107,chair1,wood
2582,72148843,chair2,leather
2583,72148843,sofa1,wood
2584,72148673,chair1,leather
2585,72148650,chair1,leather
2586,72148650,chair2,leather
2587,72148650,chair3,wood
2588,72148645,chair1,wood
2589,72148645,chair2,wood
2590,72148645,chair3,wood
2591,72148645,chair4,wood
2592,72148645,chair5,wood
2593,72148645,chair6,wood
2594,72148645,chair7,wood
2595,72148630,chair2,wood
2596,72148630,chair3,wood
2597,72148630,chair4,wood
2598,72148630,sofa1,leather
2599,72148599,bed1,leather
2600,72148599,chair2,leather
2601,72148536,chair1,stone
2602,72148262,chair1,wood
2603,72148262,chair2,leather
2604,72148262,chair3,wood
2605,72148262,chair4,wood
2606,72148253,bed2,stone
2607,72148253,chair1,wood
2608,72148237,chair1,wood
2609,72148237,chair2,wood
2610,72148237,chair3,wood
2611,72148237,chair4,wood
2612,72148026,sofa1,leather
2613,72148026,sofa2,leather
2614,72147809,chair1,wood
2615,72147809,chair2,wood
2616,72147809,chair3,leather
2617,72147809,chair4,wood
2618,72147782,chair1,leather
2619,72147782,chair2,leather
2620,72147702,bed2,wood
2621,72147702,chair1,leather
2622,72147614,chair1,wood
2623,72147614,chair2,wood
2624,72147614,chair3,leather
2625,72147574,sofa1,stone
2626,72147574,sofa2,wood
2627,72147520,chair5,wood
2628,72147520,sofa1,wood
2629,72147520,sofa2,wood
2630,72147520,sofa3,leather
2631,72147520,sofa4,wood
2632,72147481,chair2,leather
2633,72147481,chair3,leather
2634,72147481,chair4,wood
2635,72147481,chair5,leather
2636,72147481,chair6,leather
2637,72147481,chair7,leather
2638,72147481,sofa1,leather
2639,72147413,bed1,wood
2640,72147413,chair2,leather
2641,72147413,chair4,wood
2642,72147413,chair6,leather
2643,72147413,sofa3,leather
2644,72147413,sofa5,wood
2645,72147413,sofa7,leather
2646,72147223,chair3,leather
2647,72147223,sofa1,leather
2648,72147223,sofa2,stone
2649,72147221,bed9,wood
2650,72147221,chair1,wood
2651,72147221,chair10,wood
2652,72147221,chair11,leather
2653,72147221,chair12,wood
2654,72147221,chair13,wood
2655,72147221,chair14,leather
2656,72147221,chair15,leather
2657,72147221,chair2,wood
2658,72147221,chair3,wood
2659,72147221,chair4,leather
2660,72147221,chair5,wood
2661,72147221,chair6,wood
2662,72147221,chair7,wood
2663,72147221,chair8,leather
2664,72147022,chair1,leather
2665,72147022,chair2,leather
2666,72146918,chair2,leather
2667,72146918,chair3,leather
2668,72146918,chair4,leather
2669,72146918,chair5,leather
2670,72146918,sofa1,leather
2671,72146774,chair1,wood
2672,72146727,chair4,wood
2673,72146727,chair5,leather
2674,72146727,chair6,wood
2675,72146727,chair7,wood
2676,72146727,chair8,wood
2677,72146727,sofa1,wood
2678,72146727,sofa2,stone
2679,72146727,sofa3,wood
2680,72146473,chair3,leather
2681,72146473,chair4,wood
2682,72146473,sofa1,leather
2683,72146473,sofa2,wood
2684,72146473,sofa5,leather
2685,72146403,chair1,leather
2686,72146403,chair2,wood
2687,72146403,chair3,leather
2688,72146403,chair4,wood
2689,72146403,chair5,stone
2690,72146403,chair6,wood
2691,72146279,chair1,wood
2692,72146279,chair3,leather
2693,72146279,sofa2,leather
2694,72145663,sofa1,wood
2695,72145663,sofa2,leather
2696,72145386,chair1,wood
2697,72145386,chair3,wood
2698,72145386,chair4,leather
2699,72145386,chair5,wood
2700,72145386,chair6,leather
2701,72145386,chair7,wood
2702,72145386,sofa2,wood
2703,72145293,chair1,leather
2704,72145293,chair2,leather
2705,72145293,chair3,leather
2706,72145293,chair4,wood
2707,72145293,chair5,wood
2708,72145268,chair2,leather
2709,72145268,sofa1,leather
2710,72144985,chair3,leather
2711,72144985,chair4,leather
2712,72144985,chair5,leather
2713,72144985,sofa1,leather
2714,72144985,sofa2,leather
2715,72144896,chair2,leather
2716,72144896,sofa1,wood
2717,72144876,chair1,leather
2718,72144876,chair2,leather
2719,72144796,chair1,leather
2720,72144796,chair2,leather
2721,72144796,chair3,stone
2722,72144796,chair4,wood
